Choose a prompt:,Upload your text file:,output,flag,username,timestamp
"1. Create a detailed summary outline of the transcription in meeting notes organized by discussion topics and 2. List action items and key metrics or numbers discussed; use appropriate formatting for all notes such as bullet points, numbered lists, bold or italicized text to enhance the organization and readability of the notes.",/Users/williamtabor/NewCode2023/transcript-upload-summarize-openai/flagged/Upload your text file/dealcloud project 3.17.23_otter_ain__5fl34.txt,"Welcome to the Investment Banker Personal Assistant!

",,,2023-03-21 16:09:33.243174
"1. Create a detailed summary outline of the transcription in meeting notes organized by discussion topics and 2. List action items and key metrics or numbers discussed; use appropriate formatting for all notes such as bullet points, numbered lists, bold or italicized text to enhance the organization and readability of the notes.",/Users/williamtabor/NewCode2023/transcript-upload-summarize-openai/flagged/Upload your text file/dealcloud project 3.17.23_otter_aic_ygmrs7.txt,"Welcome to the Investment Banker Personal Assistant!

",,,2023-03-21 16:09:41.398029
"1. Create a detailed summary outline of the transcription in meeting notes organized by discussion topics and 2. List action items and key metrics or numbers discussed; use appropriate formatting for all notes such as bullet points, numbered lists, bold or italicized text to enhance the organization and readability of the notes.",/Users/williamtabor/NewCode2023/transcript-upload-summarize-openai/flagged/Upload your text file/dealcloud project 3.17.23_otter_aiy00w_kjp.txt,"Welcome to the Investment Banker Personal Assistant!

",,,2023-03-21 16:15:48.913807
